regime,code,type,X_EtOH,residual_low,residual_high
low_activity,S1,surface_TS,0.0,5.253771718536856e-15,5.253771718536856e-15
low_activity,S2,surface_TS,1.7897893373661664e-05,3.979665048429337e-15,5.212741043217014e-15
low_activity,S3,surface_TS,0.0,5.253771718536856e-15,5.253771718536856e-15
low_activity,S4,surface_TS,3.012898247313559e-09,4.381055263204664e-15,5.1525597511467406e-15
low_activity,S5,surface_TS,0.0004113968895402,4.074390065004072e-15,7.911231634296441e-15
low_activity,S6,surface_TS,6.363060587566616e-06,4.9255693982542455e-15,5.5049042945833576e-15
low_activity,S7,surface_TS,2.842045076467777e-06,4.818392721975888e-15,5.321496445651748e-15
low_activity,S8,surface_TS,3.7189777492312927e-10,5.829145927923721e-15,5.254317637959506e-15
low_activity,S9,surface_TS,0.0,5.253771718536856e-15,5.253771718536856e-15
low_activity,S10,surface_TS,3.6424931125018192e-09,4.6849770137851846e-15,5.761499120586863e-15
low_activity,S11,surface_TS,3.562521057015048e-07,5.17805619833388e-15,5.488183591976224e-15
low_activity,S12,surface_TS,-8.623101083545824e-06,5.465669659561437e-15,8.888714023856206e-15
low_activity,S13,surface_TS,2.1654019851291244e-05,4.341136808978772e-15,9.275138090354172e-15
low_activity,S14,surface_TS,0.0259237855170097,5.975297919868518e-15,8.856910599231622e-15
low_activity,S15,surface_TS,0.0,5.253771718536856e-15,5.253771718536856e-15
low_activity,S16,surface_TS,-4.12245175032714e-11,5.5440322992065336e-15,4.730218787651249e-15
low_activity,S17,surface_TS,7.628652573223133e-06,5.549934916378154e-15,5.990400170506441e-15
low_activity,S18,surface_TS,0.0029232605497107,4.730464306663299e-15,1.2014803273351056e-14
low_activity,S19,surface_TS,4.841688013150172e-10,5.492690275348117e-15,4.387927364383974e-15
low_activity,S20,surface_TS,0.0,5.253771718536856e-15,5.253771718536856e-15
low_activity,S21,surface_TS,0.4755962426978966,5.41076750311568e-15,3.9635482640113086e-15
low_activity,S22,surface_TS,3.229346909855266e-05,4.229961390275632e-15,4.443597321862253e-15
low_activity,S23,surface_TS,5.0581987229763104e-05,5.392399220418498e-15,4.0544774039639046e-15
low_activity,S24,surface_TS,-3.498448333100154e-06,5.414676632418165e-15,6.16261981047668e-15
low_activity,S25,surface_TS,-0.6144408573945268,5.042492149688384e-15,5.479056886945418e-15
low_activity,S26,surface_TS,4.547911576013137e-07,5.104392400293135e-15,5.020490567084664e-15
low_activity,S27,surface_TS,0.0,5.253771718536856e-15,5.253771718536856e-15
low_activity,S28,surface_TS,-0.001683955277298,5.638802440274665e-15,4.212290186970594e-15
low_activity,S29,surface_TS,0.0018981159414022,5.147224301370095e-15,6.199081325848429e-15
low_activity,S30,surface_TS,0.0,5.253771718536856e-15,5.253771718536856e-15
low_activity,S31,surface_TS,2.5436404416912144e-11,5.949020144374707e-15,4.062661785600972e-15
low_activity,S32,surface_TS,0.0,5.253771718536856e-15,5.253771718536856e-15
low_activity,S33,surface_TS,0.0135588009220792,8.796791704595742e-15,5.572925963055443e-15
low_activity,S34,surface_TS,7.565570325353886e-05,6.990046502679403e-15,6.294448890307504e-15
low_activity,S35,surface_TS,0.4790667828134569,4.456503414178803e-15,5.119977906424298e-15
low_activity,S36,surface_TS,0.0,5.253771718536856e-15,5.253771718536856e-15
low_activity,S37,surface_TS,0.0023125009123811,5.548784671281731e-15,4.506726044568688e-15
low_activity,S39,surface_TS,1.1167725300105798e-06,5.105125802309915e-15,5.254447581432813e-15
low_activity,S40,surface_TS,0.0018440556383149,5.290939686374191e-15,5.445332328528333e-15
low_activity,S41,surface_TS,1.483024914252724e-05,5.289363891984049e-15,4.154890925230309e-15
low_activity,S42,surface_TS,0.6123717291479226,6.531373967164805e-15,6.634462312111343e-15
low_activity,S43,surface_TS,3.683893053483828e-12,5.454649157673894e-15,3.562020695002284e-15
low_activity,S44,surface_TS,-2.2805052235852267e-12,5.228889915413046e-15,4.0240653756055375e-15
low_activity,S45,surface_TS,1.2455066990350084e-11,4.917646391986793e-15,4.959265065421018e-15
intermediate_activity,S1,surface_TS,0.0,5.662987892899874e-15,5.662987892899874e-15
intermediate_activity,S2,surface_TS,1.907379565134319e-06,5.795057187331799e-15,8.179416246875239e-15
intermediate_activity,S3,surface_TS,0.0,5.662987892899874e-15,5.662987892899874e-15
intermediate_activity,S4,surface_TS,1.4704115539016426e-08,8.129522710708948e-15,6.0412446879370335e-15
intermediate_activity,S5,surface_TS,0.0007791211734665,3.943718200782674e-15,6.592616884089528e-15
intermediate_activity,S6,surface_TS,1.2727744683762568e-05,6.587610958223364e-15,7.629195104798363e-15
intermediate_activity,S7,surface_TS,6.474432533882044e-06,6.5546299677512666e-15,5.965541478728176e-15
intermediate_activity,S8,surface_TS,1.9075001070868917e-09,4.639987685208138e-15,4.733025046084732e-15
intermediate_activity,S9,surface_TS,0.0,5.662987892899874e-15,5.662987892899874e-15
intermediate_activity,S10,surface_TS,5.256544640667407e-10,7.34480931619602e-15,3.298304493874032e-15
intermediate_activity,S11,surface_TS,1.365000000513594e-06,5.300916841476148e-15,6.475992811461683e-15
intermediate_activity,S12,surface_TS,-1.823826149122269e-05,2.869654716923536e-15,3.8123844149697076e-15
intermediate_activity,S13,surface_TS,1.577813289258234e-06,6.531908032426465e-15,4.5431812319619006e-15
intermediate_activity,S14,surface_TS,0.0442826881280943,5.919774553217559e-15,4.895052393773502e-15
intermediate_activity,S15,surface_TS,0.0,5.662987892899874e-15,5.662987892899874e-15
intermediate_activity,S16,surface_TS,-2.0980403137642038e-12,4.4289375165477e-15,3.965006436860739e-15
intermediate_activity,S17,surface_TS,1.4491793573167082e-05,4.751220039806191e-15,4.846061075421815e-15
intermediate_activity,S18,surface_TS,0.0001659917063361,3.779134976268468e-15,3.812404832839847e-15
intermediate_activity,S19,surface_TS,2.775135142297197e-11,4.113069859064442e-15,6.071918951687587e-15
intermediate_activity,S20,surface_TS,0.0,5.662987892899874e-15,5.662987892899874e-15
intermediate_activity,S21,surface_TS,0.4746003545524734,6.579995195243293e-15,4.942615809495875e-15
intermediate_activity,S22,surface_TS,7.535649943761167e-05,6.171884028569569e-15,4.206796963067098e-15
intermediate_activity,S23,surface_TS,0.0001275597731609,4.846048737009708e-15,5.0773043554457e-15
intermediate_activity,S24,surface_TS,-9.220554610994306e-05,4.248663422882273e-15,5.175223196445601e-15
intermediate_activity,S25,surface_TS,-0.8527108590741109,3.5837452616853555e-15,4.304567335320967e-15
intermediate_activity,S26,surface_TS,9.17075555471644e-06,7.998472359342211e-15,4.414463057211905e-15
intermediate_activity,S27,surface_TS,0.0,5.662987892899874e-15,5.662987892899874e-15
intermediate_activity,S28,surface_TS,-0.0070019585353561,4.248663438422376e-15,4.497185977583407e-15
intermediate_activity,S29,surface_TS,0.000784865351694,4.528718723483941e-15,3.786039953140941e-15
intermediate_activity,S30,surface_TS,0.0,5.662987892899874e-15,5.662987892899874e-15
intermediate_activity,S31,surface_TS,7.2477756293672514e-12,5.300377854089776e-15,4.673633416279429e-15
intermediate_activity,S32,surface_TS,0.0,5.662987892899874e-15,5.662987892899874e-15
intermediate_activity,S33,surface_TS,0.0034981446687328,7.663284857852955e-15,6.436848273738534e-15
intermediate_activity,S34,surface_TS,7.852773686654458e-05,4.252902222758116e-15,5.980072433319338e-15
intermediate_activity,S35,surface_TS,0.4755085549448133,5.153223391798786e-15,5.2445733597631375e-15
intermediate_activity,S36,surface_TS,0.0,5.662987892899874e-15,5.662987892899874e-15
intermediate_activity,S37,surface_TS,0.0008630419677814,5.202667431683354e-15,5.0950144724724935e-15
intermediate_activity,S39,surface_TS,3.440319434115139e-05,3.3542079472703232e-15,4.0131458625901326e-15
intermediate_activity,S40,surface_TS,0.0071250022232416,7.589121604244401e-15,4.549297544701369e-15
intermediate_activity,S41,surface_TS,5.825658417230444e-05,4.42450289342841e-15,5.505384822787501e-15
intermediate_activity,S42,surface_TS,0.8517959214194303,5.214330051378394e-15,3.857339164503888e-15
intermediate_activity,S43,surface_TS,2.47950218899406e-12,5.7438877199408086e-15,5.224658340501045e-15
intermediate_activity,S44,surface_TS,-1.9073093761492765e-12,4.6763707044200466e-15,4.037988403944968e-15
intermediate_activity,S45,surface_TS,7.629237504597108e-13,7.535360953720607e-15,7.760538386108878e-15
high_activity,S1,surface_TS,0.0,3.433119442286409e-15,3.433119442286409e-15
high_activity,S2,surface_TS,1.0110293813968635e-07,6.3219432703656305e-15,5.608343417364909e-15
high_activity,S3,surface_TS,0.0,3.433119442286409e-15,3.433119442286409e-15
high_activity,S4,surface_TS,4.2647166555601115e-08,3.4331194422891416e-15,4.387973887511066e-15
high_activity,S5,surface_TS,0.0007462843097538,5.505130673606278e-15,3.445018605210663e-15
high_activity,S6,surface_TS,7.91000174232744e-06,5.488407033359515e-15,4.384565071594235e-15
high_activity,S7,surface_TS,3.13056995751192e-06,3.420249190637337e-15,2.7755026037963653e-15
high_activity,S8,surface_TS,2.9647895063292638e-09,5.4749727565922015e-15,4.667868929159975e-15
high_activity,S9,surface_TS,0.0,3.433119442286409e-15,3.433119442286409e-15
high_activity,S10,surface_TS,5.109752233014749e-11,4.021242079552179e-15,6.269277005440329e-15
high_activity,S11,surface_TS,1.7983010642028388e-06,8.646464678180062e-15,3.3279325532379285e-15
high_activity,S12,surface_TS,-1.0364042461552974e-05,4.660001400643569e-15,3.522498539971811e-15
high_activity,S13,surface_TS,4.4825816560113124e-08,5.502364312671298e-15,5.015421611440841e-15
high_activity,S14,surface_TS,0.0291757053338578,4.3595116011646784e-15,5.576078711914199e-15
high_activity,S15,surface_TS,0.0,3.361596120572109e-15,3.504642764000709e-15
high_activity,S16,surface_TS,-8.241535859701209e-13,2.995961792303327e-15,5.102651584561194e-15
high_activity,S17,surface_TS,2.6295046865895843e-05,4.500070275549858e-15,5.450298319569423e-15
high_activity,S18,surface_TS,3.821837740414606e-06,3.797785311164135e-15,4.392277982855091e-15
high_activity,S19,surface_TS,1.3392495772014464e-12,5.498546589893853e-15,5.528892589821537e-15
high_activity,S20,surface_TS,0.0,3.433119442286409e-15,3.433119442286409e-15
high_activity,S21,surface_TS,0.4843355432256427,6.136426402190137e-15,4.891743592563014e-15
high_activity,S22,surface_TS,8.646883737412498e-05,8.734848358287983e-15,5.587502074764596e-15
high_activity,S23,surface_TS,8.618849772014691e-05,4.4013951192140304e-15,3.9046398463992526e-15
high_activity,S24,surface_TS,-0.0009922208965657,4.953883215164085e-15,4.901351535302494e-15
high_activity,S25,surface_TS,-0.9543622279089646,4.686843829674731e-15,4.316874560461454e-15
high_activity,S26,surface_TS,5.903776731548489e-05,3.5031168738980136e-15,4.031738294441133e-15
high_activity,S27,surface_TS,0.0,3.433119442286409e-15,3.433119442286409e-15
high_activity,S28,surface_TS,-0.0160125554005487,4.538273034271548e-15,5.478746041939011e-15
high_activity,S29,surface_TS,-0.0086657755039936,3.990131700163968e-15,5.268782749211621e-15
high_activity,S30,surface_TS,0.0,3.433119442286409e-15,3.433119442286409e-15
high_activity,S31,surface_TS,0.0,5.282425630902653e-15,5.471054520977286e-15
high_activity,S32,surface_TS,-2.0603839649253025e-13,3.433119442286409e-15,3.576166085714984e-15
high_activity,S33,surface_TS,0.0002851692990714,5.545752693602738e-15,4.295430146975504e-15
high_activity,S34,surface_TS,6.657128199818782e-05,4.246476654332085e-15,4.508155487164321e-15
high_activity,S35,surface_TS,0.4847624888858265,5.138898143359432e-15,3.791815104645725e-15
high_activity,S36,surface_TS,0.0,3.433119442286409e-15,3.433119442286409e-15
high_activity,S37,surface_TS,0.000417641550729,6.3884436342350955e-15,4.4586655324533025e-15
high_activity,S39,surface_TS,0.0004299181591317,4.40051724271905e-15,5.273002458994832e-15
high_activity,S40,surface_TS,0.015635732541709,4.330325865919181e-15,3.306090106565996e-15
high_activity,S41,surface_TS,0.00011863884917,5.544308652189128e-15,3.165915142903444e-15
high_activity,S42,surface_TS,0.9637958122839804,5.542852893187749e-15,4.354008348057767e-15
high_activity,S43,surface_TS,0.0,3.576166085714984e-15,3.576166085714984e-15
high_activity,S44,surface_TS,0.0,4.050666037883486e-15,5.015421616034463e-15
high_activity,S45,surface_TS,4.120767929850605e-13,4.141307699550117e-15,3.576166085714984e-15
