T_K,P_CO_bar,P_H2_bar,CO_cov,H_cov,vacancy,CH4_TOF,MeOH_TOF,EtOH_TOF,PrOH_TOF,CO2_TOF,S_CH4,S_MeOH,S_EtOH,S_PrOH,max_rel_residual,max_abs_balance,success
523.0,0.1,0.5,0.9998693376264004,5.347929831007127e-10,7.982061802053341e-13,5.944772762866798e-16,3.182137708007855e-16,4.3376296063718065e-18,2.6446428188766004e-304,5.988019345201092e-16,0.6452127370207753,0.345371616722765,0.009415646256459645,8.611046879377297e-289,4.803117099613418e-15,1.6828812437480147e-23,True
523.0,0.1,1.0,0.9996625577181694,7.561550793055845e-10,7.980411056356067e-13,8.417989413600255e-16,1.2723048900789327e-15,1.2362359527439353e-17,2.6440959319679196e-304,8.541138909480882e-16,0.3935794391587214,0.5948606258249024,0.011559935016376128,3.708706709601507e-289,5.045436357385248e-15,8.033641937803354e-24,True
523.0,0.1,2.0,0.9991090387896486,1.06877265496634e-09,7.975992256689155e-13,1.19327014195433e-15,5.083390720371125e-15,3.530257546613414e-17,2.642631922022337e-304,1.2283956954529785e-15,0.18799749994122056,0.8008787893485629,0.011123710710216523,1.2490252889208958e-289,4.8881227711739044e-15,9.347444294276275e-23,True
523.0,0.1,5.0,0.9966978085940202,1.6857996269473645e-09,7.956743153115109e-13,1.898652014443259e-15,3.161423372765681e-14,1.4184098257115942e-16,2.636254231157106e-304,2.0394577679710713e-15,0.05617884132169995,0.9354273487624627,0.00839380991583733,2.3401082506305874e-290,5.821027662086733e-15,1.5566569523532156e-22,True
523.0,0.1,10.0,0.9909812810948789,2.37040687945528e-09,7.911107514462959e-13,2.711768007859998e-15,1.2498403612079174e-13,4.0783138876006045e-16,2.621133986910782e-304,3.1156233866775562e-15,0.021101369964439832,0.9725516261676825,0.0063470038678777865,6.118832933775111e-291,7.439124550857303e-15,3.1700800577670965e-21,True
523.0,0.3,0.5,0.9996949966238379,1.782332448572671e-10,2.660223339847549e-13,1.95326617845265e-16,1.0603426876617425e-16,4.214609004505926e-18,5.892647494732269e-39,1.9953785904841053e-16,0.6305127727839319,0.34227777835604334,0.02720944886002465,5.706425809131471e-23,4.61321428474802e-15,5.4670838261759595e-24,True
523.0,0.3,1.0,0.9991695334762494,2.519273835596497e-10,2.6588250640392623e-13,2.726687963973632e-16,4.236833954689199e-16,1.1787218987860474e-17,1.647161523282693e-38,2.844430475863303e-16,0.3787452569398681,0.5885091312178603,0.03274561184227151,6.863872462854364e-23,3.931656522789388e-15,3.3946756639168326e-24,True
523.0,0.3,2.0,0.9977160688683958,3.5576085306259195e-10,2.654957343898107e-13,3.758751740332252e-16,1.6897418899211734e-15,3.2553017831935375e-17,4.5423843234460587e-38,4.0837781675492303e-16,0.17640733049759738,0.7930368287760619,0.03055584072634067,6.395553215140697e-23,4.514644885940016e-15,3.05391674906556e-23,True
523.0,0.3,5.0,0.9912274132652216,5.588490276237631e-10,2.6376908044654885e-13,5.529766631591308e-16,1.0422717116923521e-14,1.199066584365386e-16,1.4138988856371717e-36,6.725793312658345e-16,0.0493046509960506,0.9293130508341083,0.021382298169841177,3.781992753642728e-22,6.311815559918213e-15,1.4042234348167507e-22,True
523.0,0.3,10.0,0.9757821839237224,7.780169836868448e-10,2.5965905091531027e-13,7.036030246675233e-16,4.039318129237434e-14,3.050144911770841e-16,1.2664383963478808e-35,1.0074491406520328e-15,0.016870217813493613,0.9685031796221958,0.01462660256431057,9.10957919937427e-22,1.5294273533909894e-14,2.0559614829904656e-23,True
523.0,1.0,0.5,0.9991590930163853,5.344130996305155e-11,7.976391844831555e-14,5.581048202518302e-17,3.177618326961187e-17,3.993472773097838e-18,1.4770643594029375e-38,5.980311912231165e-17,0.5839528457079751,0.33247863076429235,0.08356852352773257,4.636419027404077e-22,4.108043306407405e-15,2.5168059063595927e-25,True
523.0,1.0,1.0,0.9976543156830923,7.546360242968975e-11,7.964379049538535e-14,7.44405502480504e-17,1.2671979524513436e-16,1.0653679735875645e-17,2.638784122691557e-305,8.509093739623188e-17,0.33461283856811147,0.5696098463599789,0.09577731507190951,3.558427669005888e-289,5.127611361812047e-15,4.271771337319012e-24,True
523.0,1.0,2.0,0.9934423175614079,1.0627108174121548e-10,7.930754226721957e-14,9.448807898693096e-17,5.025889448072579e-16,2.7037076519123605e-17,1.1269675438617356e-38,1.2151219127519267e-16,0.14510928083793673,0.7718467887167645,0.08304393044529869,5.192193075702958e-23,2.4372667026520356e-15,4.9322295480547825e-24,True
523.0,1.0,5.0,0.9746319399576342,1.6484777498500696e-10,7.780589009224925e-14,1.1394476451607896e-16,3.022990277360126e-15,8.137629817707457e-17,3.362848656770066e-38,1.952432629065018e-16,0.03453198514789974,0.9161443775270126,0.04932363732508769,3.057424543288212e-23,4.740268317227187e-15,1.3453729928533407e-23,True
523.0,1.0,10.0,0.931110378442764,2.2271969094657632e-10,7.433151818523352e-14,1.138119615572236e-16,1.1033815498640967e-14,1.6207556088372604e-16,2.462775859637539e-305,2.756020735158775e-16,0.009921038899420807,0.9618225648102048,0.02825639629037454,6.440437745658318e-291,4.60855685257173e-15,8.043944200502774e-24,True
523.0,3.0,0.5,0.9980682480677525,1.7794321572368424e-11,2.655894505061363e-14,1.6383394517439347e-17,1.056894436110583e-17,3.5116788684349074e-18,8.799599629369847e-306,1.9894860278511245e-17,0.4822092304063633,0.31107366188072894,0.2067171077129077,7.769906585559819e-289,2.8438166879429696e-14,9.589054184788968e-25,True
523.0,3.0,1.0,0.9945715571793123,2.5076806464594486e-11,2.6465896883471897e-14,1.9741379126665206e-17,4.1979283347928184e-17,8.45928643568851e-18,8.768768755374081e-306,2.819982145202348e-17,0.2510372721684505,0.5338211029550565,0.21514162487649308,3.34518846100024e-289,2.4356518892219725e-14,1.4452320187377745e-24,True
523.0,3.0,2.0,0.9847821991385639,3.511489552771786e-11,2.62053986432079e-14,2.146015817270904e-17,1.6462152681222743e-16,1.837497807814092e-17,8.682452269696113e-306,3.9831822424656114e-17,0.0963066019834624,0.7387708763850976,0.16492252163143994,1.1689254127326096e-289,4.085496146518637e-15,2.927446060254096e-24,True
523.0,3.0,5.0,0.9418632331472517,5.310177512797237e-11,2.5063309951779018e-14,1.9427279285101235e-17,9.41043654667785e-16,4.147902077833263e-17,5.5019162330022063e-39,6.088715479132542e-17,0.018618688709132365,0.9018760996245411,0.07950521166632665,1.5818756318268957e-23,3.928633295046736e-15,4.5306650341710634e-24,True
523.0,3.0,10.0,0.8488321949752852,6.76796394596378e-11,2.258772149818955e-14,1.4588352791245204e-17,3.0566499443387836e-15,6.206093672568154e-17,7.483833557728255e-306,7.658584080898027e-17,0.0045654799498207645,0.9565901122760223,0.03884440777415688,7.02628169427916e-291,3.862524288580601e-15,1.4626581643760342e-24,True
523.0,10.0,0.5,0.9963472948118657,5.329091731742428e-12,7.953944964825557e-15,3.471088255625557e-18,3.1597575500875086e-18,2.47872752212993e-18,2.635334119667152e-306,5.949779580500613e-18,0.29953384025524904,0.27266789074559544,0.42779826899915546,6.822399988881827e-289,2.023600644672377e-14,5.8884412877401585e-25,True
523.0,10.0,1.0,0.9897135634556101,7.48629557330661e-12,7.900987191573352e-15,3.4535101456186262e-18,1.2471052447059414e-17,4.929416274414468e-18,2.0469721409348235e-40,8.382783161781285e-18,0.13394318811253253,0.4836854253915961,0.3823713864958713,2.3817330452802225e-23,4.912107844896115e-15,9.399247010383935e-26,True
523.0,10.0,2.0,0.9712362267901731,1.0389563905492496e-11,7.753480674820887e-15,3.0216394380061637e-18,4.803713629356651e-17,8.616391741490066e-18,1.0510821865128993e-39,1.1637475196911467e-17,0.044246162670162875,0.7034124984999593,0.2523413388298778,4.617329865953254e-23,3.6501759073498096e-15,8.460851110586896e-25,True
523.0,10.0,5.0,0.8928683676875406,1.510184078044725e-11,7.12786183532653e-15,2.0307794353435724e-18,2.5370564202106433e-16,1.4435373745593107e-17,9.230486487651256e-33,1.6463146541429803e-17,0.007135376957835899,0.8914239334139195,0.10144068962824437,9.729712559718656e-17,1.772273765121919e-12,1.7339880069069455e-24,True
523.0,10.0,10.0,0.7388886283784848,1.76740642963966e-11,5.898625424950488e-15,1.1550053372183926e-18,6.948342342109854e-16,1.6354165791962406e-17,3.946993567550185e-39,1.7500585093062904e-17,0.0015850270166592405,0.9535289559583243,0.044886017025016385,1.6249513065144455e-23,4.876305847388883e-15,5.807600161296274e-25,True
573.0,0.1,0.5,0.9999673998551473,1.136487071427755e-08,5.707519292794001e-11,4.689759103758913e-13,4.412111973468751e-14,3.1293300408568535e-16,5.820348824604538e-35,4.692713313955007e-13,0.9128966489893118,0.08588505606432743,0.001218294946360923,3.398923155992134e-22,3.7748228753078154e-15,7.909352856544602e-22,True
573.0,0.1,1.0,0.9999317486887471,1.6071781281890136e-08,5.707315806440277e-11,6.656627537202596e-13,1.7646986653242387e-13,9.086427094481096e-16,1.689956203856582e-34,6.665192397451556e-13,0.7887467600231003,0.2090999303945613,0.002153309582338421,6.007309885929022e-22,3.967519553425344e-15,3.0415232974780945e-21,True
573.0,0.1,2.0,0.9998540807054893,2.2727165629613055e-08,5.706872500475562e-11,9.482455970904762e-13,7.057534342443143e-13,2.664319769432055e-15,4.954901401335658e-34,9.507515805080461e-13,0.5714637402455985,0.42532493529305593,0.003211324461345553,8.958269343016827e-22,4.00680689514299e-15,3.4246442601915666e-21,True
573.0,0.1,5.0,0.9995845598827298,3.592511748331548e-08,5.7053341550295676e-11,1.5318827334708627e-12,4.408265901467312e-12,1.1287946092302544e-14,2.0986818149498135e-33,1.5424555931471485e-12,0.2569098616752716,0.7393039677441635,0.0037861705805649105,1.0559007742535271e-21,2.4335443316465177e-15,1.1395814122518571e-20,True
573.0,0.1,10.0,0.9990449194404895,5.0778360121848014e-08,5.702254046382321e-11,2.244135349188095e-12,1.7611840449781588e-11,3.449737868595244e-14,6.41037280130151e-33,2.2763051916670218e-12,0.11262929311952467,0.8839079786833717,0.0034627281971036936,9.651767539392312e-22,3.924725677693456e-15,9.526192243371985e-20,True
573.0,0.3,0.5,0.9999599168843617,3.78826188950317e-09,1.902492194067168e-11,1.5612607006947666e-13,1.470682003432185e-14,3.002435073122688e-16,1.86143164953978e-35,1.5642390924338086e-13,0.9107098786348217,0.0857873786395904,0.0035027427255879826,3.257414070984445e-22,4.959455113691351e-15,5.578197619065452e-22,True
573.0,0.3,1.0,0.999910545891707,5.357146830638061e-09,1.9023982623739542e-11,2.213197898643719e-13,5.882079542098914e-14,8.583735080366995e-16,5.32143031547436e-35,2.221705320577136e-13,0.7852192031239401,0.20868996006136467,0.006090836814695355,5.663961556746003e-22,3.8883925774833045e-15,2.301482695211704e-22,True
573.0,0.3,2.0,0.9997940030815026,7.575266678745218e-09,1.9021765316996094e-11,3.1445831850825005e-13,2.3522288007032466e-13,2.4652179976422417e-15,1.5281177334032342e-34,3.168985951398255e-13,0.5669883192224535,0.4241217915506952,0.008889889226851196,8.265879967938522e-22,3.599959594739364e-15,1.1182955274414906e-21,True
573.0,0.3,5.0,0.9993467327602465,1.1972189988339183e-08,1.9013255692955574e-11,5.040592499828929e-13,1.4687228506978955e-12,1.0052499248538093e-14,6.228467952925756e-34,5.139863868012058e-13,0.25292915498867696,0.7369824669464693,0.01008837806485385,9.37604737693653e-22,4.384376415650815e-15,8.862925627911366e-21,True
573.0,0.3,10.0,0.9983723228895255,1.691472470719407e-08,1.8994716878133428e-11,7.289166773126605e-13,5.862711492835471e-12,2.9507663206396624e-14,1.826584020429577e-33,7.57982505234163e-13,0.10960092473601785,0.8815254487580191,0.008873626505962967,8.2394313634798395e-22,4.206174778943645e-15,4.094168165790787e-20,True
573.0,1.0,0.5,0.9999341754854795,1.1364493111301801e-09,5.7073296578810056e-12,4.663197467180127e-14,4.411818838136532e-15,2.9401053190436596e-16,5.468227165332606e-36,4.6925627919174403e-14,0.9031635834761547,0.08544768132901975,0.01138873519482551,3.1772428746556547e-22,3.228193934954343e-15,8.093768324228435e-23,True
573.0,1.0,1.0,0.9998377735800367,1.6070270831406776e-09,5.706779424208131e-12,6.581339402464374e-14,1.7643669917977638e-14,8.317607433896505e-16,1.5468215794164267e-35,6.664390375079207e-14,0.7731783527173883,0.20727853114463554,0.019543116137976185,5.45163630494306e-22,3.038291089683119e-15,9.947276479599141e-23,True
573.0,1.0,2.0,0.9995881178409555,2.272112016538959e-09,5.7053544628068205e-12,9.269274086242429e-14,7.053780116180377e-14,2.3490761943315656e-15,4.3674753402013764e-35,9.503731457909322e-14,0.5519767850663921,0.4200461476129292,0.02797706732067866,7.802374731973328e-22,5.119300940007453e-15,3.61703349280757e-22,True
573.0,1.0,5.0,0.998532976956814,3.5887323542039107e-09,5.69933202952177e-12,1.4479155211923892e-13,4.3989952497812273e-13,9.20570135352615e-15,1.7097459167428567e-34,1.5397188045527908e-13,0.24007785901691997,0.7293943230357501,0.030527817947329804,8.504753208595629e-22,4.009913684498144e-15,2.6271549079852177e-21,True
573.0,1.0,10.0,0.9960749689419808,5.0627406733243836e-09,5.685302443988746e-12,2.0092751571253724e-13,1.7507279864578383e-12,2.5592871658126088e-14,9.46307628831732e-32,2.2642455951324886e-13,0.10032123922219216,0.8741221953577586,0.02555656542004938,1.4174477846872117e-19,7.758483524961041e-13,1.20580484727006e-20,True
573.0,3.0,0.5,0.9998656942485602,3.7879049351749927e-10,1.9023129290525508e-12,1.535152068503801e-14,1.4704048059292717e-15,2.889147308213023e-16,1.791028034001133e-36,1.5640354112775747e-14,0.8822837291013312,0.08450721345984918,0.033209057438819425,3.0880228581595397e-22,3.398562539862378e-15,2.606311480391492e-23,True
573.0,3.0,1.0,0.999644168001289,5.355719677501945e-10,1.9018914602025516e-12,2.1402217010209082e-14,5.878945487464732e-15,8.05871777071315e-16,4.9946196150629677e-36,2.220778314513908e-14,0.7407429689428406,0.20347366502079955,0.05578336603635973,5.185999227047947e-22,4.499839271681316e-15,3.9168169045209044e-23,True
573.0,3.0,2.0,0.999040356434289,7.569556428116999e-10,1.9007426673624505e-12,2.943361194524623e-14,2.3486835169257117e-14,2.2168718537159547e-15,1.3731394973970592e-35,3.164931684970955e-14,0.5131902573018129,0.40950512652467785,0.0773046161735092,7.182419337028978e-22,3.0532350819976605e-15,1.2546825204902337e-22,True
573.0,3.0,5.0,0.9963695447406297,1.193652322781112e-09,1.8956612652850133e-12,4.303218720084186e-14,1.4599842603460679e-13,8.095589400065735e-15,5.001035738825755e-35,5.1120808457329343e-14,0.20968624615353323,0.711417752405624,0.0788960014408428,7.310679371650803e-22,4.252996231799566e-15,3.6701431760158244e-22,True
573.0,3.0,10.0,0.9899862349161982,1.6772645077994612e-09,1.8835165813749506e-12,5.42666172369216e-14,5.764630286162676e-13,2.0366664976945146e-14,1.3041710341590991e-34,7.460626720191696e-14,0.08081848023220442,0.8585179665690061,0.060663553198789535,5.826848602895145e-22,4.468963331999698e-15,4.841722926861689e-22,True
573.0,10.0,0.5,0.9996730761130291,1.1361525653950784e-10,5.705839379592121e-13,4.414393042188372e-15,4.4095144708804114e-16,2.7643320375734484e-16,5.139969103881908e-37,4.690808406381871e-15,0.8162390717432264,0.08153370042386372,0.10222722783290984,2.8512030329281245e-22,3.0630261415275198e-15,7.323266918184229e-24,True
573.0,10.0,1.0,0.9990992787601193,1.6058401094058116e-10,5.7025643133626e-13,5.915894697108964e-15,1.7617610719556817e-15,7.406895793076824e-16,1.3764396903063087e-36,6.6565145980644995e-15,0.6459080835285629,0.19235226045829013,0.16173965601314716,4.508465251551219e-22,3.979159082400462e-15,6.67070523887067e-24,True
573.0,10.0,2.0,0.9974980145897512,2.2673611110128655e-10,5.693424769266903e-13,7.574538325874035e-15,7.0243089077438706e-15,1.895285992926872e-15,3.516624888042257e-36,9.469550709658488e-15,0.41189654961227534,0.3819755710558915,0.20612787933183305,5.736926510955836e-22,3.5684581804326255e-15,3.6335367167977675e-23,True
573.0,10.0,5.0,0.9902888460769556,3.55910290790259e-10,5.652276959470559e-13,9.339147442332758e-15,4.326652505756048e-14,5.827688550412945e-15,1.0734220929868344e-35,1.5165168051747078e-14,0.14533138659204603,0.6732931585523977,0.18137545485555617,5.011225772017993e-22,3.2216347901768955e-15,2.7420062274054014e-22,True
573.0,10.0,10.0,0.9730195843747429,4.94555729172443e-10,5.553709101806434e-13,9.660886915117482e-15,1.6706180997422504e-13,1.2008031283882871e-14,2.1732842347225688e-35,2.1662478042449572e-14,0.04812666443314212,0.8322349426988516,0.11963839286800636,3.247929160168393e-22,3.931281898511e-15,1.1160733395885303e-22,True
623.0,0.1,0.5,0.9999764326017127,1.4663412733839628e-07,2.0370774612259793e-09,1.244806349817395e-10,2.7293564209704966e-12,1.1134463884328768e-14,4.951480500379127e-32,1.2447571406494713e-10,0.9783732102094864,0.021451763993511917,0.0001750257970016036,1.1675059031847584e-21,2.0507635888646512e-15,5.087468011484308e-20,True
623.0,0.1,1.0,0.9999532919606748,2.0736717275525158e-07,2.0370303208367066e-09,1.7646539269671222e-10,1.0916833738229721e-11,3.263944081980487e-14,1.4514617671345455e-31,1.7645229113330965e-10,0.9414123298076358,0.05823941865639767,0.00034825153596661494,2.3229891985222644e-21,2.8272987992372688e-15,7.742333469990052e-20,True
623.0,0.1,2.0,0.9999065946863451,2.932477729505415e-07,2.0369351926297446e-09,2.5075397881180105e-10,4.366257260429376e-11,9.689057382561904e-14,4.3085307365521195e-31,2.5072000071766706e-10,0.8511377609525776,0.1482044849694683,0.0006577540779541698,4.387351963244397e-21,4.3730866315477065e-15,3.986277205193777e-19,True
623.0,0.1,5.0,0.9997625440405855,4.635986431024258e-07,2.0366417433901576e-09,4.0216321430601603e-10,2.727995836631764e-10,4.1897565427984043e-13,1.862851916417976e-30,4.020507202187142e-10,0.5950914004398775,0.40366866114712846,0.001239938412994102,8.269531744714076e-21,3.5287620274298795e-15,3.3543216023993088e-19,True
623.0,0.1,10.0,0.9995097017386491,6.554616788372812e-07,2.0361266718967433e-09,5.8231440252374e-10,1.0905587154845036e-09,1.3021265194021427e-12,5.788087330795343e-30,5.820567336088577e-10,0.34755133825522044,0.6508943267929582,0.0015543349518214156,1.036376992757274e-20,5.561843938448441e-15,7.140423024933168e-19,True
623.0,0.3,0.5,0.9999763788026439,4.887803981647696e-08,6.790257838768421e-10,4.1485142401407193e-11,9.097854252358958e-13,1.0663342432538302e-14,1.5807175432592238e-32,4.149397866355604e-11,0.978048224181408,0.021448980720092988,0.0005027950984990991,1.1180036248818373e-21,3.637769586254957e-15,3.0720574285208134e-20,True
623.0,0.3,1.0,0.9999527037451714,6.912235025765604e-08,6.790097075226408e-10,5.879723617527471e-11,3.638940573070624e-12,3.077316770272891e-14,4.5616843511125727e-32,5.882275363389901e-11,0.9407900524069142,0.05822517035051373,0.0009847772425722126,2.1896882603225254e-21,3.161321176003116e-15,2.886638656062786e-20,True
623.0,0.3,2.0,0.9999041098678212,9.774901473832514e-08,6.789767102475463e-10,8.351350843991241e-11,1.4554120048787207e-11,8.951848691774804e-14,1.3269248880437521e-31,8.358778989682315e-11,0.8500391137626857,0.1481385651133086,0.0018223211240056705,4.051816563330859e-21,4.263833231148464e-15,2.5541918830133937e-20,True
623.0,0.3,5.0,0.9997500047839906,1.5453094284646009e-07,6.78872066450387e-10,1.337626615064518e-10,9.09309278584343e-11,3.7383666840939434e-13,5.5405138873444685e-31,1.340730768431684e-10,0.5933370843625967,0.40334642721882985,0.0033164884185734934,7.372892372425355e-21,4.923960763259067e-15,5.543689243593437e-19,True
623.0,0.3,10.0,0.9994705398166011,2.184786657021337e-07,6.786822980492824e-10,1.9324559809688e-10,3.634911632301747e-10,1.1244720347066922e-12,1.6662132653005676e-30,1.941792266460414e-10,0.34570758470436735,0.6502691566546658,0.004023258640967019,8.942339218417673e-21,5.24145764085098e-15,9.969114051052202e-19,True
623.0,1.0,0.5,0.9999746671411822,1.4663386845553087e-08,2.037073864761365e-10,1.2438261123828659e-11,2.729347023348678e-13,1.0342771542224207e-14,4.5996428787096314e-33,1.2448425974452166e-11,0.9769381887166719,0.02143710693017469,0.0016247043531532866,1.08380908020854e-21,2.8985933294875148e-15,8.381757359707033e-21,True
623.0,1.0,1.0,0.9999477890412456,2.0736603157710548e-08,2.0370191106993727e-10,1.7618363369096902e-11,1.0916714896079238e-12,2.9494364059724955e-14,1.3116418406948307e-32,1.764733056721182e-11,0.9386936559376945,0.05816346729801487,0.0031428767642904757,2.0964998546044676e-21,3.215583522356892e-15,9.846962888474658e-21,True
623.0,1.0,2.0,0.9998899829564972,2.9324290114270603e-08,2.0369013524517546e-10,2.4994629446697046e-11,4.366112893758629e-12,8.441570355096165e-14,3.753832308205825e-32,2.5077456592715063e-11,0.8464270314353712,0.14785560167863082,0.005717366885998056,3.813633417430863e-21,4.425165008027744e-15,7.488411963273574e-21,True
623.0,1.0,5.0,0.9996932459422474,4.635665089676249e-08,2.036500574468943e-10,3.988970000361498e-11,2.7276183051955132e-11,3.419418000079188e-13,1.5202632639046607e-31,4.0224573049906005e-11,0.5879121177542167,0.40200850196600535,0.010079380279777787,6.7218945864104895e-21,4.463757854689165e-15,8.999247639015125e-20,True
623.0,1.0,10.0,0.9993086659516183,6.553298429438982e-08,2.0357171367744058e-10,5.7282665000517914e-11,1.0901203823298007e-10,9.95922748458304e-13,4.524719004366813e-31,5.825596516885922e-11,0.34038766278510746,0.647776302119138,0.011836035095754625,8.066097448373881e-21,3.2630653873095723e-14,4.367813487252037e-19,True
623.0,3.0,0.5,0.9999694378438644,4.887770054800344e-09,6.790210706755345e-11,4.139304851460741e-12,9.09772829001997e-14,1.0206801101434805e-14,1.5130558380442388e-33,4.149487681946609e-12,0.9737946698595944,0.021402915790379336,0.004802414350026289,1.0678646027490319e-21,5.253959010213025e-15,1.86103248132826e-21,True
623.0,3.0,1.0,0.9999331950829844,6.9121001709294006e-09,6.789964603250921e-11,5.8535646649433665e-12,3.6387987430430045e-13,2.89277468399757e-14,4.288095107074927e-33,5.8824169607721535e-12,0.9327943897867303,0.05798605204451705,0.009219558168752619,2.049987292037605e-21,3.267272750034582e-15,3.19181073970346e-21,True
623.0,3.0,2.0,0.999848801394757,9.774360787111121e-09,6.78939153481133e-11,8.277088114556898e-12,1.4552510633529665e-12,8.201826178491615e-14,1.2156928825472735e-32,8.358862166252811e-12,0.8363756959347568,0.1470488901442352,0.016575413921008045,3.685266968084602e-21,5.438490014527268e-15,6.826498240478877e-21,True
623.0,3.0,5.0,0.9995302540429478,1.5449697606572286e-08,6.787228465064391e-11,1.3081291948136817e-11,9.089095914571497e-12,3.2529631313686165e-13,4.82007965222369e-32,1.3405378790629886e-11,0.573213405727789,0.3982780634232482,0.02850853084896283,6.336379352172213e-21,3.672633903071243e-15,2.86434663175032e-20,True
623.0,3.0,10.0,0.9988471457692766,2.1834239525269045e-08,6.782589874185297e-11,1.848760910346485e-11,3.630378436172184e-11,9.217375205934934e-13,1.364851815087348e-31,1.9405136900357838e-11,0.3264351024560825,0.6410147197152266,0.03255017782869086,7.229743006821395e-21,3.2415112862109408e-15,9.357145929851983e-20,True
623.0,10.0,0.5,0.9999520265436239,1.4663054849302262e-09,2.037027743023401e-11,1.2347364620401528e-12,2.7292233566249067e-14,1.0103200835651794e-14,4.493022270911189e-34,1.2448362588473007e-12,0.962956375676819,0.021284890441848617,0.015758733881332292,1.0512164923071265e-21,3.38758227901935e-15,4.096325603494447e-22,True
623.0,10.0,1.0,0.9998847538937825,2.0735295954622293e-09,2.0368907001949092e-11,1.7362369244794862e-12,1.0915337857638707e-13,2.842192542867057e-14,1.2638744450162602e-33,1.7646470484041502e-12,0.9127356487148315,0.05738167320350141,0.02988267808166719,1.9932474281616574e-21,2.380470186792257e-15,3.9059884790876434e-22,True
623.0,10.0,2.0,0.9997123293305415,2.9319079974599064e-09,2.0365394497253095e-11,2.4277829856576427e-12,4.364560898671485e-13,7.949454923263694e-14,3.534377549111254e-33,2.5072354457229737e-12,0.8030432524229384,0.1443675649830666,0.05258918259399509,3.507222094103376e-21,5.369354929379022e-15,3.401338717446049e-21,True
623.0,10.0,5.0,0.9989907137958273,4.632407386617082e-09,2.035069428339293e-11,3.714674022129637e-12,2.72378493010323e-12,3.038558634219756e-13,1.349987216372931e-32,4.018295081437555e-12,0.5271904685988006,0.38656243996350337,0.08624709143769604,5.7477484346851136e-21,3.1569404320383163e-15,5.36393616054439e-21,True
623.0,10.0,10.0,0.9973206346533524,6.540261254011114e-09,2.031667267579616e-11,4.992554350782044e-12,1.0857864777509082e-11,8.149228303254639e-13,3.614530502683946e-32,5.806595235675101e-12,0.28561091099376906,0.621149902968159,0.09323918603807202,6.203333667411863e-21,2.8948822786380153e-15,1.2078236041732155e-20,True
673.0,0.1,0.5,0.999976402780313,1.2851570364373322e-06,4.23905758012472e-08,1.4236095841004106e-08,9.04681210687558e-11,2.2044547288818043e-13,1.4485238964834568e-29,1.4230589474987999e-08,0.9936547092049474,0.006314517374487701,3.077342056483404e-05,3.0331333967090664e-21,2.420414800416217e-15,4.115447933117165e-18,True
673.0,0.1,1.0,0.9999547574156029,1.8174471696221688e-06,4.238965822012135e-08,2.0167916137754906e-08,3.618545863488001e-10,6.396893662180373e-13,4.205218745744659e-29,2.0152327364896277e-08,0.9823129375622597,0.017624748102816903,6.231433492334337e-05,6.1446716919224995e-21,2.8980816489807326e-15,7.817228554612666e-18,True
673.0,0.1,2.0,0.9999120650366724,2.570148700764446e-06,4.238784842288998e-08,2.8618536510019628e-08,1.4472777545289093e-09,1.874302660703852e-12,1.2324944096415845e-28,2.8574355001395466e-08,0.9517443480595369,0.048130987496964865,0.0001246644434982409,1.2296431594054448e-20,4.7314149229814485e-15,8.175612878506179e-18,True
673.0,0.1,5.0,0.9997844573358101,4.063243296950718e-06,4.238243893132479e-08,4.570677500179437e-08,9.042868048222684e-09,7.92563471467814e-12,5.21345546749423e-28,4.553096693983518e-08,0.8345907504310534,0.16511981057772898,0.00028943899121764577,2.855879709813745e-20,1.9580715497803847e-15,7.029301436136824e-18,True
673.0,0.1,10.0,0.9995690807124952,5.745055893601992e-06,4.237330877680208e-08,6.57226060777185e-08,3.615383426310571e-08,2.4112310373056518e-11,1.5857186586199908e-27,6.52195185682794e-08,0.6448155223517149,0.35471133779774655,0.00047313985053858794,4.6673255954813396e-20,4.5679461868413744e-15,2.8236968262355174e-17,True
673.0,0.3,0.5,0.999979291974636,4.2838691653112213e-07,1.4130232759582764e-08,4.744696744559803e-09,3.015621581271897e-11,2.1737762152483456e-13,4.766351552062542e-30,4.744275713383206e-09,0.9935938999118872,0.0063150573554145726,9.104273269817539e-05,2.9943859946760013e-21,2.849239932329995e-15,3.856114196577449e-19,True
673.0,0.3,1.0,0.9999599553622543,6.058188723476748e-07,1.4129959523090841e-08,6.720584789904216e-09,1.206194561602063e-10,6.274502898802084e-13,1.3759743402883943e-29,6.7194004728595464e-09,0.9821885152504362,0.01762808568895335,0.00018339906061052194,6.032806235883311e-21,4.071801551244184e-15,1.3197495291800393e-18,True
673.0,0.3,2.0,0.9999215809902169,8.567243867769788e-07,1.4129417273053023e-08,9.533511201197165e-09,4.824351379983877e-10,1.8255068539093414e-12,4.0035561637157996e-29,9.530183914777874e-09,0.95148645852866,0.048149154203146985,0.0003643872681930409,1.1987176797745347e-20,3.2952000972714342e-15,1.508083536160367e-18,True
673.0,0.3,5.0,0.9998059476431681,1.354443545374453e-06,1.4127783313108369e-08,1.5211361586266938e-08,3.0144192957700806e-09,7.621732714478854e-12,1.6715078505106363e-28,1.519833472588946e-08,0.8339093954655067,0.16525493515877254,0.0008356693757209592,2.749036159380228e-20,2.8858453204532166e-15,6.841282236003058e-18,True
673.0,0.3,10.0,0.9996089336391051,1.9150949831991787e-06,1.4124999401724753e-08,2.1838109053612615e-08,1.205224106659424e-08,2.2895426147691282e-11,5.020407838896613e-28,2.180143831659183e-08,0.6435059623104344,0.35514471360665095,0.0013493240829146119,4.438107305392691e-20,4.6318809231971685e-15,3.853028799967929e-18,True
673.0,1.0,0.5,0.999980086021223,1.2851617700920057e-07,4.239073193963463e-09,1.4232350122982858e-09,9.046879649093999e-12,2.1275430649872243e-13,1.4000215349971188e-30,1.4233896778149085e-09,0.9933884697891654,0.006314534039229139,0.0002969961716056014,2.931557834732045e-21,2.681485989545674e-15,4.400186787838658e-19,True
673.0,1.0,1.0,0.9999612400417663,1.817458951985806e-07,4.238993302886185e-09,2.015611173573034e-09,3.618593282634762e-11,6.090256308676539e-13,4.007782915143674e-30,2.016054580753825e-09,0.9817809508378423,0.017625750443836078,0.000593298718321673,5.856434474224019e-21,3.0359843321410337e-15,5.674272110994121e-19,True
673.0,1.0,2.0,0.9999234785413935,2.5701780377485227e-07,4.238833225934421e-09,2.858371799280636e-09,1.447311073510896e-10,1.7521810705348743e-12,1.1530433412693973e-29,2.85964988681535e-09,0.9506967634144434,0.048137682913992424,0.001165553671564202,1.1505094329197517e-20,4.498411013754466e-15,1.0955816703230023e-18,True
673.0,1.0,5.0,0.9998079265742876,4.0633386787354906e-07,4.23834338293343e-09,4.556509371792147e-09,9.043295268373394e-10,7.167057136439445e-12,4.715959413978118e-29,4.56175264197086e-09,0.832212856297807,0.1651691233694839,0.002618020332709165,2.5840056941752474e-20,2.6870088772905985e-15,6.054078034608497e-19,True
673.0,1.0,10.0,0.9996072740767448,5.745275411208742e-07,4.237492785371012e-09,6.531372413531293e-09,3.6156611720195176e-09,2.1085806691114256e-11,1.387198409656663e-28,6.546833173042698e-09,0.6410090174859983,0.35485213040936014,0.004138852104641538,4.084317812547116e-20,3.2193131864884563e-15,2.2435553579826765e-18,True
673.0,3.0,0.5,0.9999797136256702,4.2838709716464903e-08,1.41302387177334e-09,4.742759859497979e-10,3.0156244216450675e-12,2.094494643143778e-13,4.5947399113054165e-31,4.744787827900781e-10,0.9928104505062993,0.0063126608331549525,0.0008768886605457243,2.885475505680733e-21,4.474124785443594e-15,7.590232549227434e-20,True
673.0,3.0,1.0,0.9999601128768619,6.05818967776818e-08,1.4129961748854998e-09,6.71469321975926e-10,1.2061951054565244e-11,5.957716794127456e-13,1.3069525751752984e-30,6.720458889509118e-10,0.9806440006143228,0.017615815868631885,0.0017401835170452514,5.726196983184202e-21,1.378134430209061e-15,1.0480667793481898e-19,True
673.0,3.0,2.0,0.9999199812742915,8.567230161538505e-08,1.4129394668226543e-09,9.516339423128933e-10,4.824336836291848e-11,1.698959210675562e-12,3.726921969574735e-30,9.53276986655074e-10,0.948527298106681,0.04808587610234551,0.003386825790973506,1.1144265884831684e-20,3.3475289892709406e-15,2.002962192281426e-19,True
673.0,3.0,5.0,0.9997927708988551,1.3544256947542138e-07,1.4127597118788493e-09,1.5141836506000407e-09,3.014340656702599e-10,6.831161253472889e-12,1.4983417096006277e-29,1.520780666021479e-09,0.8277484138580405,0.16478289779609073,0.007468688345868653,2.4572646251617723e-20,2.853573935729768e-15,2.43207921987725e-19,True
673.0,3.0,10.0,0.9995624033918762,1.9150058384946482e-07,1.4124341904885584e-09,2.1637522348934048e-09,1.2051123275124251e-09,1.9722489150816374e-11,4.324940001529453e-29,2.182767835633643e-09,0.6348461631933451,0.3535806572493061,0.011573179557348878,3.8068197297288837e-20,3.276639417141244e-15,1.7622665111141816e-18,True
673.0,10.0,0.5,0.9999775353089986,1.2851584919488875e-08,4.2390623810923194e-10,1.4213903826391444e-10,9.04683393486579e-13,2.075385052966794e-13,1.3658941577706794e-31,1.4234591682383606e-10,0.990800422028249,0.006306224518025422,0.0028933534537255424,2.8563479628707012e-21,3.1323135620972853e-15,3.667058767741734e-20,True
673.0,10.0,1.0,0.9999546070141405,1.8174468962630893e-08,4.238965184436631e-10,2.010314496315963e-10,3.61854548769817e-12,5.878101825574935e-13,3.8685440196430753e-31,2.0161728352211967e-10,0.9767076326164257,0.017580637274820933,0.005711730108753329,5.638575175211031e-21,3.4174709955821345e-15,8.816651698494665e-20,True
673.0,10.0,2.0,0.9999049224913129,2.570130341746371e-08,4.2387545639134654e-10,2.8432898288411037e-10,1.4472574472122105e-11,1.6653148099164236e-12,1.0959396451773149e-30,2.859882652730919e-10,0.9410747849471419,0.04790146530554393,0.011023749747314068,1.0882054535263411e-20,4.608161075787929e-15,7.236219296349074e-20,True
673.0,10.0,5.0,0.9997335592402473,4.063036441018817e-08,4.238028128083215e-10,4.496598518689776e-10,9.041950327158532e-11,6.598417773960933e-12,4.3416712137711744e-30,4.562308987907504e-10,0.8127222162035037,0.163425617789678,0.02385216600681843,2.354161241803209e-20,2.9397627730885227e-15,1.5070072546299877e-19,True
673.0,10.0,10.0,0.9993943780569658,5.74405178439119e-08,4.236590285588105e-10,6.361511686672661e-10,3.614121033910796e-10,1.86898361026599e-11,1.2293509358592919e-29,6.547521088443975e-10,0.6146726949473246,0.3492096887024189,0.036117616350256336,3.563532490384605e-20,3.3317092097001934e-15,4.2130769459648045e-19,True
