regime,T_K,P_CO_bar,P_H2_bar,code,net_flux_site-1_s-1
low_activity,573.0,10.0,5.0,S1,1.0940216996792764e-35
low_activity,573.0,10.0,5.0,S2,-1.3103234645561952e-18
low_activity,573.0,10.0,5.0,S3,2.5893280735428647e-29
low_activity,573.0,10.0,5.0,S4,8.800883081339574e-23
low_activity,573.0,10.0,5.0,S5,1.20651367602511e-17
low_activity,573.0,10.0,5.0,S6,4.6965126002602037e-14
low_activity,573.0,10.0,5.0,S7,4.4541760543444754e-14
low_activity,573.0,10.0,5.0,S8,4.328106536816234e-14
low_activity,573.0,10.0,5.0,S9,-2.1002632740604215e-26
low_activity,573.0,10.0,5.0,S10,-1.5855216165806156e-18
low_activity,573.0,10.0,5.0,S11,1.2597482734723089e-15
low_activity,573.0,10.0,5.0,S12,4.3266525057559794e-14
low_activity,573.0,10.0,5.0,S13,-1.585521616580266e-18
low_activity,573.0,10.0,5.0,S14,1.2597482737250297e-15
low_activity,573.0,10.0,5.0,S15,-2.957161627115461e-30
low_activity,573.0,10.0,5.0,S16,1.0734220929768164e-35
low_activity,573.0,10.0,5.0,S17,1.4108515675252111e-14
low_activity,573.0,10.0,5.0,S18,-2.140193177040012e-16
low_activity,573.0,10.0,5.0,S19,-1.3103234642139921e-18
low_activity,573.0,10.0,5.0,S20,8.073739205568683e-31
low_activity,573.0,10.0,5.0,S21,1.3891600507552043e-14
low_activity,573.0,10.0,5.0,S22,9.470784373505272e-19
low_activity,573.0,10.0,5.0,S23,2.4749082606341536e-18
low_activity,573.0,10.0,5.0,S24,2.4817813405651545e-17
low_activity,573.0,10.0,5.0,S25,-9.339147442331527e-15
low_activity,573.0,10.0,5.0,S26,1.512653105588839e-14
low_activity,573.0,10.0,5.0,S27,-2.465190328815662e-31
low_activity,573.0,10.0,5.0,S28,-1.1937812796498052e-14
low_activity,573.0,10.0,5.0,S29,2.6389702910322177e-15
low_activity,573.0,10.0,5.0,S30,2.6991349434356286e-28
low_activity,573.0,10.0,5.0,S31,1.0734220929683444e-35
low_activity,573.0,10.0,5.0,S32,5.221996127893747e-47
low_activity,573.0,10.0,5.0,S33,9.926568167389934e-16
low_activity,573.0,10.0,5.0,S34,1.6679409986626537e-18
low_activity,573.0,10.0,5.0,S35,1.5114184790285142e-14
low_activity,573.0,10.0,5.0,S36,7.237830359838992e-25
low_activity,573.0,10.0,5.0,S37,5.0983261463482355e-17
low_activity,573.0,10.0,5.0,S39,1.512653105588102e-14
low_activity,573.0,10.0,5.0,S40,3.188718259380193e-15
low_activity,573.0,10.0,5.0,S41,5.827688550812672e-15
low_activity,573.0,10.0,5.0,S42,5.827688550412192e-15
low_activity,573.0,10.0,5.0,S43,1.0734220532494701e-35
low_activity,573.0,10.0,5.0,S44,1.0734220521284312e-35
low_activity,573.0,10.0,5.0,S45,1.073422074371224e-35
low_activity,573.0,10.0,5.0,D1,9.339147442331568e-15
low_activity,573.0,10.0,5.0,D2,4.32665250575599e-14
low_activity,573.0,10.0,5.0,D3,5.8276885504121626e-15
low_activity,573.0,10.0,5.0,D4,1.0734220743712179e-35
low_activity,573.0,10.0,5.0,D5,1.6679409986626362e-18
low_activity,573.0,10.0,5.0,D6,1.51651680517486e-14
intermediate_activity,623.0,10.0,10.0,S1,1.2978227880558442e-31
intermediate_activity,623.0,10.0,10.0,S2,-2.7234373379096365e-16
intermediate_activity,623.0,10.0,10.0,S3,1.6045123363359442e-25
intermediate_activity,623.0,10.0,10.0,S4,1.630758218629587e-19
intermediate_activity,623.0,10.0,10.0,S5,8.776560296306393e-15
intermediate_activity,623.0,10.0,10.0,S6,1.1449063852652378e-11
intermediate_activity,623.0,10.0,10.0,S7,1.1401547529612548e-11
intermediate_activity,623.0,10.0,10.0,S8,1.0868201361790987e-11
intermediate_activity,623.0,10.0,10.0,S9,-1.4889251025954498e-23
intermediate_activity,623.0,10.0,10.0,S10,-2.253228662060403e-16
intermediate_activity,623.0,10.0,10.0,S11,5.324971124971165e-13
intermediate_activity,623.0,10.0,10.0,S12,1.0857864777509056e-11
intermediate_activity,623.0,10.0,10.0,S13,-2.253228662042478e-16
intermediate_activity,623.0,10.0,10.0,S14,5.32497112523094e-13
intermediate_activity,623.0,10.0,10.0,S15,-6.0078537302728726e-27
intermediate_activity,623.0,10.0,10.0,S16,3.614530502683652e-32
intermediate_activity,623.0,10.0,10.0,S17,5.287989331849854e-12
intermediate_activity,623.0,10.0,10.0,S18,-2.369723689363122e-14
intermediate_activity,623.0,10.0,10.0,S19,-2.723437338100981e-16
intermediate_activity,623.0,10.0,10.0,S20,6.866953106884519e-27
intermediate_activity,623.0,10.0,10.0,S21,5.263794428765479e-12
intermediate_activity,623.0,10.0,10.0,S22,8.488677786548324e-16
intermediate_activity,623.0,10.0,10.0,S23,1.56004866770196e-15
intermediate_activity,623.0,10.0,10.0,S24,6.602393377563752e-14
intermediate_activity,623.0,10.0,10.0,S25,-4.99255435078162e-12
intermediate_activity,623.0,10.0,10.0,S26,5.730267770589589e-12
intermediate_activity,623.0,10.0,10.0,S27,2.271919407036514e-28
intermediate_activity,623.0,10.0,10.0,S28,-4.986783825660427e-12
intermediate_activity,623.0,10.0,10.0,S29,7.143888539680456e-14
intermediate_activity,623.0,10.0,10.0,S30,5.305076694984397e-26
intermediate_activity,623.0,10.0,10.0,S31,3.6145305025792863e-32
intermediate_activity,623.0,10.0,10.0,S32,1.1891258517307653e-42
intermediate_activity,623.0,10.0,10.0,S33,4.992874371700768e-13
intermediate_activity,623.0,10.0,10.0,S34,8.819454324149417e-16
intermediate_activity,623.0,10.0,10.0,S35,5.796902360580977e-12
intermediate_activity,623.0,10.0,10.0,S36,3.970466940254533e-23
intermediate_activity,623.0,10.0,10.0,S37,9.692875094693714e-15
intermediate_activity,623.0,10.0,10.0,S39,5.730267770587805e-12
intermediate_activity,623.0,10.0,10.0,S40,7.43483944928459e-13
intermediate_activity,623.0,10.0,10.0,S41,8.149228303520289e-13
intermediate_activity,623.0,10.0,10.0,S42,8.149228303253933e-13
intermediate_activity,623.0,10.0,10.0,S43,3.614530426243833e-32
intermediate_activity,623.0,10.0,10.0,S44,3.6145304009890713e-32
intermediate_activity,623.0,10.0,10.0,S45,3.6145303836787405e-32
intermediate_activity,623.0,10.0,10.0,D1,4.992554350781677e-12
intermediate_activity,623.0,10.0,10.0,D2,1.0857864777509056e-11
intermediate_activity,623.0,10.0,10.0,D3,8.149228303253925e-13
intermediate_activity,623.0,10.0,10.0,D4,3.614530383678727e-32
intermediate_activity,623.0,10.0,10.0,D5,8.819454324149439e-16
intermediate_activity,623.0,10.0,10.0,D6,5.806595235675662e-12
high_activity,673.0,10.0,10.0,S1,5.018119533230884e-28
high_activity,673.0,10.0,10.0,S2,-1.2992960928020631e-14
high_activity,673.0,10.0,10.0,S3,2.4240727041773353e-22
high_activity,673.0,10.0,10.0,S4,5.425037973219288e-17
high_activity,673.0,10.0,10.0,S5,9.829642800784545e-13
high_activity,673.0,10.0,10.0,S6,3.794843610966455e-10
high_activity,673.0,10.0,10.0,S7,4.001120969018525e-10
high_activity,673.0,10.0,10.0,S8,3.625097728509469e-10
high_activity,673.0,10.0,10.0,S9,-8.999725064576941e-22
high_activity,673.0,10.0,10.0,S10,-5.7517126473704545e-15
high_activity,673.0,10.0,10.0,S11,3.748837821422569e-11
high_activity,673.0,10.0,10.0,S12,3.614121033910763e-10
high_activity,673.0,10.0,10.0,S13,-5.7517126474901405e-15
high_activity,673.0,10.0,10.0,S14,3.7488378213529016e-11
high_activity,673.0,10.0,10.0,S15,-2.1265993745024142e-24
high_activity,673.0,10.0,10.0,S16,1.2293509358593039e-29
high_activity,673.0,10.0,10.0,S17,6.166495943530487e-10
high_activity,673.0,10.0,10.0,S18,-4.898383466750481e-13
high_activity,673.0,10.0,10.0,S19,-1.2992960902271992e-14
high_activity,673.0,10.0,10.0,S20,8.340410190626409e-24
high_activity,673.0,10.0,10.0,S21,6.161410112826284e-10
high_activity,673.0,10.0,10.0,S22,1.1389195346506736e-13
high_activity,673.0,10.0,10.0,S23,1.147047898383561e-13
high_activity,673.0,10.0,10.0,S24,3.6866722026983206e-11
high_activity,673.0,10.0,10.0,S25,-6.36151168667266e-10
high_activity,673.0,10.0,10.0,S26,6.167627217194868e-10
high_activity,673.0,10.0,10.0,S27,9.693522803355792e-27
high_activity,673.0,10.0,10.0,S28,-5.779407399680698e-10
high_activity,673.0,10.0,10.0,S29,-2.0132145648760598e-11
high_activity,673.0,10.0,10.0,S30,-6.729509763394955e-23
high_activity,673.0,10.0,10.0,S31,1.2293509357163537e-29
high_activity,673.0,10.0,10.0,S32,1.5177586962125718e-39
high_activity,673.0,10.0,10.0,S33,3.6447905756962943e-11
high_activity,673.0,10.0,10.0,S34,8.889592552961434e-14
high_activity,673.0,10.0,10.0,S35,6.54194410543776e-10
high_activity,673.0,10.0,10.0,S36,0.0
high_activity,673.0,10.0,10.0,S37,5.576983006217573e-13
high_activity,673.0,10.0,10.0,S39,6.167627217195702e-10
high_activity,673.0,10.0,10.0,S40,3.8821981751495294e-11
high_activity,673.0,10.0,10.0,S41,1.868983610265394e-11
high_activity,673.0,10.0,10.0,S42,1.8689836102660405e-11
high_activity,673.0,10.0,10.0,S43,1.2293509904296465e-29
high_activity,673.0,10.0,10.0,S44,1.2293509492873438e-29
high_activity,673.0,10.0,10.0,S45,1.2293509347577213e-29
high_activity,673.0,10.0,10.0,D1,6.361511686672637e-10
high_activity,673.0,10.0,10.0,D2,3.6141210339108094e-10
high_activity,673.0,10.0,10.0,D3,1.868983610266037e-11
high_activity,673.0,10.0,10.0,D4,1.2293509347577262e-29
high_activity,673.0,10.0,10.0,D5,8.889592552961397e-14
high_activity,673.0,10.0,10.0,D6,6.547521088443951e-10
